Epoch,Train_Loss,Val_Loss,Train_Precision,Val_Precision
1,1.7773387167188857,1.0846295773983001,0.3510825043885313,0.7628524046434494
2,1.0384545502839264,0.695882311463356,0.6781743709771796,0.8557213930348259
3,0.7900187329009727,0.5288800865411758,0.7723815096547688,0.8822553897180763
