Epoch,Train_Loss,Val_Loss,Train_Precision,Val_Precision
1,0.7427172878078211,0.2840867475606501,0.73785839672323,0.9054726368159204
