Epoch,Train_Loss,Val_Loss,Train_Precision,Val_Precision
1,0.4134291451838281,0.1512986659538001,0.8572264482153306,0.956882255389718
