Epoch,Train_Loss,Val_Loss,Train_Precision,Val_Precision
1,0.736071410092795,0.27448913969687727,0.7390286717378584,0.9087893864013267
2,0.3653334530557845,0.23761725789671273,0.8788765359859567,0.9187396351575456
3,0.32691235468226754,0.22488921987333974,0.8899941486249269,0.9203980099502488
4,0.3186723933703153,0.22333510979201252,0.892919836161498,0.9220563847429519
5,0.24609172957183392,0.22708735092677862,0.9139847864248098,0.9154228855721394
6,0.19878116256566108,0.18879721678585107,0.9350497366881217,0.9369817578772802
7,0.20265124660098455,0.19384918623223998,0.9332943241661791,0.9336650082918739
8,0.20294011423851702,0.19315785948511852,0.9362200117027502,0.9303482587064676
