Epoch,Train_Loss,Val_Loss,Train_Precision,Val_Precision
1,0.7371767906593942,0.29639283178901105,0.7442949093036864,0.900497512437811
2,0.3932218061777476,0.2190992996145628,0.8619075482738443,0.912106135986733
3,0.35687546568670286,0.19617845746075832,0.8806319485078994,0.9303482587064676
4,0.2938804486157181,0.20118766071084937,0.9022820362785254,0.9220563847429519
5,0.24670151362595993,0.19712115692795792,0.9169104739613809,0.9154228855721394
