Epoch,Train_Loss,Val_Loss,Train_Precision,Val_Precision
1,0.7250899584076115,0.2820264960663687,0.7448800468110006,0.9038142620232172
2,0.432814430732663,0.2747661208222302,0.8589818607372732,0.9038142620232172
3,0.3622350098356326,0.23619058757015554,0.8829724985371562,0.9303482587064676
4,0.30395509821371497,0.23807572627035706,0.898186073727326,0.9087893864013267
5,0.22448739300212153,0.21495710944260568,0.9239321240491516,0.9187396351575456
6,0.20891078026251536,0.20666915101250388,0.9291983616149795,0.9270315091210614
7,0.21450285061271251,0.22683901133898057,0.9280280866003511,0.9237147595356551
8,0.21738751855174027,0.2102182821889935,0.9239321240491516,0.9286898839137645
