Epoch,Train_Loss,Val_Loss,Train_Precision,Val_Precision
1,0.7271828031881111,0.30298676589307816,0.7495611468695144,0.8971807628524047
2,0.39533586323122,0.23382669137668258,0.8730251609128145,0.9237147595356551
3,0.3383731033792284,0.23779474232517378,0.8788765359859567,0.9187396351575456
4,0.29432876978208805,0.22165337741362715,0.9046225863077824,0.9237147595356551
5,0.2418997919134726,0.20527980776846802,0.919836161497952,0.9303482587064676
6,0.19891347459769834,0.21702545756814193,0.9356348741954359,0.9170812603648425
7,0.19758447866765,0.19124894869348377,0.9356348741954359,0.9336650082918739
8,0.2065020163247588,0.19413852261373235,0.9291983616149795,0.9369817578772802
9,0.19596598042331845,0.19984030341162762,0.9379754242246928,0.9286898839137645
