extractor,classifier,accuracy,AUC
VGG,XGB1,0.7554438860971524,0.9680238955004744
VGG,XGB2,0.7855946398659966,0.9735061604585101
VGG,ADABOOST1,0.7872696817420436,0.9608415371906194
VGG,ADABOOST2,0.8073701842546064,0.9720956621666199
